{"times":[0.31542857142857145,0.34285714285714286,0.3977142857142857,0.5074285714285715,0.6994285714285715,0.9462857142857144,1.2205714285714286,1.5222857142857142,1.7965714285714287,2.0708571428571427,2.345142857142857,2.646857142857143,3.0308571428571427,3.579428571428571,4.182857142857143,4.7862857142857145,5.362285714285714,5.993142857142857,6.651428571428571,7.3919999999999995,8.16,8.900571428571428,9.668571428571429,10.436571428571428,11.094857142857144,11.670857142857143,12.054857142857145,12.329142857142855,12.521142857142856,12.768,13.042285714285715,13.398857142857143,13.837714285714288,14.358857142857143,14.797714285714285,15.154285714285715,15.538285714285715,15.922285714285715,16.306285714285714,16.662857142857142,17.019428571428573,17.293714285714284,17.51314285714286,17.759999999999998,18.11657142857143,18.50057142857143,18.857142857142858,19.158857142857144,19.433142857142858,19.707428571428572,20.00914285714286,20.338285714285714,20.612571428571428,20.85942857142857,21.106285714285715,21.462857142857143,21.76457142857143,22.01142857142857,22.230857142857143,22.477714285714285,22.806857142857144,23.16342857142857,23.437714285714286,23.65714285714286,23.87657142857143,23.986285714285714],"values":[4.383116883116883,6.0064935064935066,7.629870129870129,9.253246753246753,11.2012987012987,13.474025974025974,16.071428571428573,19.967532467532468,23.863636363636363,28.733766233766232,33.27922077922078,38.798701298701296,44.31818181818182,49.188311688311686,52.1103896103896,54.38311688311688,55.032467532467535,54.38311688311688,51.461038961038966,46.91558441558442,42.37012987012987,38.798701298701296,36.52597402597403,35.55194805194805,35.55194805194805,37.82467532467532,41.396103896103895,46.26623376623377,52.75974025974026,59.9025974025974,67.04545454545455,73.86363636363636,79.05844155844156,82.95454545454545,85.22727272727273,86.2012987012987,86.52597402597402,85.22727272727273,82.95454545454545,78.73376623376623,75.48701298701299,72.8896103896104,71.9155844155844,71.5909090909091,71.5909090909091,71.5909090909091,71.9155844155844,72.8896103896104,73.86363636363636,74.83766233766234,75.81168831168831,77.1103896103896,79.05844155844156,80.35714285714286,81.33116883116884,82.62987012987013,82.95454545454545,83.92857142857143,84.57792207792207,84.57792207792207,84.57792207792207,84.57792207792207,84.57792207792207,84.57792207792207,85.22727272727273,85.22727272727273]}